{
  "headers": {
    "x-content-type-options": "nosniff",
    "vary": "Authorization,Accept-Encoding,Origin",
    "content-type": "text/plain; charset=utf-8",
    "content-security-policy": "default-src 'none'; style-src 'unsafe-inline'; sandbox",
    "date": "Fri, 15 Sep 2023 16:58:55 GMT",
    "x-served-by": "cache-bfi-krnt7300032-BFI",
    "via": "1.1 varnish",
    "x-timer": "S1694797135.233520,VS0,VE175",
    "x-cache-hits": "0",
    "x-fastly-request-id": "c712647c9963b1529642d56297b92988fa0ac96b",
    "expires": "Fri, 15 Sep 2023 17:03:55 GMT",
    "access-control-allow-origin": "*",
    "x-github-request-id": "FB9A:2695:7CA17B:953D2A:65048D4E",
    "x-cache": "MISS",
    "x-frame-options": "deny",
    "source-age": "0",
    "cross-origin-resource-policy": "cross-origin",
    "cache-control": "max-age=300",
    "x-xss-protection": "1; mode=block",
    "accept-ranges": "bytes",
    "strict-transport-security": "max-age=31536000",
    "etag": "W/\"c1d5bbb6e048b50c7a6ec784e37982ff80d937899f4fb19073d140f9e253d91f\""
  },
  "url": "https://raw.githubusercontent.com/NMathar/deno-express/master/src/Response.ts",
  "now": {
    "secs_since_epoch": 1694797135,
    "nanos_since_epoch": 414551545
  }
}