{
  "headers": {
    "vary": "Authorization,Accept-Encoding,Origin",
    "cross-origin-resource-policy": "cross-origin",
    "x-xss-protection": "1; mode=block",
    "x-timer": "S1694797135.232856,VS0,VE125",
    "cache-control": "max-age=300",
    "x-frame-options": "deny",
    "x-github-request-id": "5024:4E2D:BF8AB4:E4E67D:65048D4E",
    "via": "1.1 varnish",
    "x-content-type-options": "nosniff",
    "date": "Fri, 15 Sep 2023 16:58:55 GMT",
    "x-cache": "MISS",
    "source-age": "0",
    "x-cache-hits": "0",
    "content-security-policy": "default-src 'none'; style-src 'unsafe-inline'; sandbox",
    "x-fastly-request-id": "c7d6e83f78ebf8fab0018e889787204a079796b1",
    "expires": "Fri, 15 Sep 2023 17:03:55 GMT",
    "etag": "W/\"be1b134e4c015c30712632138ccd4c2215def7ea4b323473ead0b582e651d553\"",
    "content-type": "text/plain; charset=utf-8",
    "strict-transport-security": "max-age=31536000",
    "x-served-by": "cache-bfi-krnt7300032-BFI",
    "access-control-allow-origin": "*",
    "accept-ranges": "bytes"
  },
  "url": "https://raw.githubusercontent.com/NMathar/deno-express/master/types/index.ts",
  "now": {
    "secs_since_epoch": 1694797135,
    "nanos_since_epoch": 363304958
  }
}