{
  "headers": {
    "x-xss-protection": "1; mode=block",
    "x-github-request-id": "FE7C:60E5:4ED9EA:5ED250:65048D4D",
    "accept-ranges": "bytes",
    "date": "Fri, 15 Sep 2023 16:58:55 GMT",
    "strict-transport-security": "max-age=31536000",
    "x-timer": "S1694797135.233053,VS0,VE140",
    "cross-origin-resource-policy": "cross-origin",
    "source-age": "0",
    "etag": "W/\"14d6cb27afdb7b9bf236bf8d9e2ca171b03b75d85e4a75b58a8f7a4f8adef00d\"",
    "x-fastly-request-id": "80e0f6bffb231fe4d10ca6185330e769d9bead7b",
    "via": "1.1 varnish",
    "content-security-policy": "default-src 'none'; style-src 'unsafe-inline'; sandbox",
    "x-content-type-options": "nosniff",
    "content-type": "text/plain; charset=utf-8",
    "x-cache": "MISS",
    "cache-control": "max-age=300",
    "x-cache-hits": "0",
    "vary": "Authorization,Accept-Encoding,Origin",
    "access-control-allow-origin": "*",
    "expires": "Fri, 15 Sep 2023 17:03:55 GMT",
    "x-frame-options": "deny",
    "x-served-by": "cache-bfi-krnt7300032-BFI"
  },
  "url": "https://raw.githubusercontent.com/NMathar/deno-express/master/src/functions/isPathHandler.ts",
  "now": {
    "secs_since_epoch": 1694797135,
    "nanos_since_epoch": 379306319
  }
}