{
  "headers": {
    "via": "http/2 edgeproxy-h",
    "strict-transport-security": "max-age=63072000; includeSubDomains; preload",
    "x-amz-cf-pop": "SEA73-P3",
    "x-amz-replication-status": "FAILED",
    "content-length": "456",
    "cross-origin-resource-policy": "same-origin",
    "referrer-policy": "strict-origin-when-cross-origin",
    "x-frame-options": "DENY",
    "x-amz-cf-id": "C4LEERcqWjMSWrp0Q_Q1Lj9bhYboM0DPFapjMrOkksD0EkxCXjzD0A==",
    "last-modified": "Wed, 20 Jan 2021 05:26:03 GMT",
    "access-control-allow-origin": "*",
    "server-timing": "fetchSource;dur=38",
    "accept-ranges": "bytes",
    "x-amz-version-id": "n4UwmOs2Dq6YPymtAHM_halsvrbD9_TP",
    "content-security-policy": "default-src 'none'; style-src 'unsafe-inline'; sandbox",
    "etag": "\"73a9f57dcaabd9ea3ecfb4f0582cee60\"",
    "cross-origin-opener-policy": "same-origin",
    "date": "Wed, 12 Oct 2022 22:13:12 GMT",
    "vary": "Accept-Encoding, Origin",
    "x-cache": "Hit from cloudfront",
    "cross-origin-embedder-policy": "same-origin",
    "x-content-type-options": "nosniff",
    "server": "deno/gcp-us-west1",
    "age": "29184345",
    "cache-control": "public, max-age=31536000, immutable",
    "content-type": "application/typescript; charset=utf-8"
  },
  "url": "https://deno.land/std@0.84.0/_util/os.ts",
  "now": {
    "secs_since_epoch": 1694797136,
    "nanos_since_epoch": 682930808
  }
}