{
  "headers": {
    "last-modified": "Wed, 20 Jan 2021 05:26:04 GMT",
    "date": "Wed, 12 Oct 2022 22:13:13 GMT",
    "cache-control": "public, max-age=31536000, immutable",
    "content-type": "application/typescript; charset=utf-8",
    "x-amz-replication-status": "FAILED",
    "cross-origin-resource-policy": "same-origin",
    "accept-ranges": "bytes",
    "content-security-policy": "default-src 'none'; style-src 'unsafe-inline'; sandbox",
    "referrer-policy": "strict-origin-when-cross-origin",
    "vary": "Accept-Encoding, Origin",
    "server": "deno/gcp-us-west1",
    "x-amz-cf-id": "XDsaLiu32GlAlW6orfKPyUZP-Q3wNyJjeu5gKnrJp-J-PInlgxz16w==",
    "x-amz-cf-pop": "SEA73-P3",
    "age": "29184344",
    "server-timing": "fetchSource;dur=8",
    "x-cache": "Hit from cloudfront",
    "x-amz-version-id": "dGa1UO4xphJcao3sc2rTDHGhl2cnI26d",
    "etag": "\"750ae0df3aaa0c8fdff773c40588fc59\"",
    "x-frame-options": "DENY",
    "access-control-allow-origin": "*",
    "content-length": "1945",
    "cross-origin-embedder-policy": "same-origin",
    "cross-origin-opener-policy": "same-origin",
    "strict-transport-security": "max-age=63072000; includeSubDomains; preload",
    "via": "http/2 edgeproxy-h",
    "x-content-type-options": "nosniff"
  },
  "url": "https://deno.land/std@0.84.0/path/_constants.ts",
  "now": {
    "secs_since_epoch": 1694797136,
    "nanos_since_epoch": 834319757
  }
}