{
  "headers": {
    "access-control-allow-origin": "*",
    "content-type": "application/typescript; charset=utf-8",
    "cross-origin-resource-policy": "same-origin",
    "age": "28100052",
    "date": "Tue, 25 Oct 2022 11:24:44 GMT",
    "server-timing": "fetchSource;dur=10",
    "cross-origin-embedder-policy": "same-origin",
    "accept-ranges": "bytes",
    "content-security-policy": "default-src 'none'; style-src 'unsafe-inline'; sandbox",
    "cross-origin-opener-policy": "same-origin",
    "vary": "Accept-Encoding, Origin",
    "x-amz-cf-id": "ySfnQL_9gGoKFrX7xQr8iErK8jF0_OWOabSiMdfrU_jRFS5BQ4o3LQ==",
    "etag": "\"8cd6375845bd2e2a3e4f627d07498817\"",
    "x-amz-replication-status": "FAILED",
    "server": "deno/gcp-us-west1",
    "content-length": "29833",
    "via": "http/2 edgeproxy-h",
    "x-content-type-options": "nosniff",
    "x-cache": "Hit from cloudfront",
    "x-amz-version-id": "agrN.hZVQQKbgItsLNJrIYyJITX11fCa",
    "x-frame-options": "DENY",
    "last-modified": "Fri, 02 Apr 2021 05:03:20 GMT",
    "cache-control": "public, max-age=31536000, immutable",
    "referrer-policy": "strict-origin-when-cross-origin",
    "strict-transport-security": "max-age=63072000; includeSubDomains; preload",
    "x-amz-cf-pop": "SEA73-P3"
  },
  "url": "https://deno.land/std@0.92.0/path/win32.ts",
  "now": {
    "secs_since_epoch": 1694797135,
    "nanos_since_epoch": 897440827
  }
}