{
  "headers": {
    "x-amz-cf-pop": "SEA73-P3",
    "server": "deno/gcp-us-west1",
    "server-timing": "fetchSource;dur=12",
    "date": "Mon, 04 Sep 2023 17:52:41 GMT",
    "x-content-type-options": "nosniff",
    "cross-origin-resource-policy": "same-origin",
    "etag": "\"ad756cb543f4575718c3a72164134f37\"",
    "content-type": "application/typescript; charset=utf-8",
    "vary": "Accept-Encoding, Origin",
    "x-amz-version-id": "E4k6O3yOBIgsv9OsiMlAdsIeqOLIMlah",
    "access-control-allow-origin": "*",
    "age": "947175",
    "x-amz-replication-status": "COMPLETED",
    "referrer-policy": "strict-origin-when-cross-origin",
    "cross-origin-embedder-policy": "same-origin",
    "content-security-policy": "default-src 'none'; style-src 'unsafe-inline'; sandbox",
    "via": "http/2 edgeproxy-h",
    "content-length": "11578",
    "x-frame-options": "DENY",
    "accept-ranges": "bytes",
    "cross-origin-opener-policy": "same-origin",
    "strict-transport-security": "max-age=63072000; includeSubDomains; preload",
    "x-amz-cf-id": "2OJemX1uBy4x1KJcOAgj7Rby4anC6FOb6H4QgOnS_vyNjE9VQnGMww==",
    "x-cache": "Hit from cloudfront",
    "last-modified": "Fri, 02 Apr 2021 05:03:19 GMT",
    "cache-control": "public, max-age=31536000, immutable"
  },
  "url": "https://deno.land/std@0.92.0/http/_io.ts",
  "now": {
    "secs_since_epoch": 1694797135,
    "nanos_since_epoch": 969905149
  }
}