{
  "headers": {
    "access-control-allow-origin": "*",
    "x-content-type-options": "nosniff",
    "last-modified": "Fri, 02 Apr 2021 05:03:19 GMT",
    "x-frame-options": "DENY",
    "content-length": "21962",
    "cross-origin-embedder-policy": "same-origin",
    "server": "deno/gcp-us-west1",
    "x-amz-replication-status": "FAILED",
    "vary": "Accept-Encoding, Origin",
    "age": "28911889",
    "referrer-policy": "strict-origin-when-cross-origin",
    "accept-ranges": "bytes",
    "x-amz-cf-pop": "SEA73-P3",
    "etag": "\"cbb89e0002be7a07066555cf1e7d3835\"",
    "cross-origin-resource-policy": "same-origin",
    "x-amz-version-id": "69Hwreb4GYd0JSntgnF2xVKzXXytMWDB",
    "date": "Sun, 16 Oct 2022 01:54:07 GMT",
    "via": "http/2 edgeproxy-h",
    "server-timing": "fetchSource;dur=14",
    "content-type": "application/typescript; charset=utf-8",
    "cross-origin-opener-policy": "same-origin",
    "strict-transport-security": "max-age=63072000; includeSubDomains; preload",
    "content-security-policy": "default-src 'none'; style-src 'unsafe-inline'; sandbox",
    "x-amz-cf-id": "SpPPJR0A34_2JnUA0plzBf2zmtC_JHU-2AWxng7tn5maGzjN6GjNmg==",
    "x-cache": "Hit from cloudfront",
    "cache-control": "public, max-age=31536000, immutable"
  },
  "url": "https://deno.land/std@0.92.0/io/bufio.ts",
  "now": {
    "secs_since_epoch": 1694797135,
    "nanos_since_epoch": 961248980
  }
}