{
  "headers": {
    "cross-origin-embedder-policy": "same-origin",
    "x-amz-cf-id": "jPPtAlrdyYFygkOfBSS0hC-v4kBlvCmOHoap2wuVpOcGZ8fbsU4jHQ==",
    "x-cache": "Hit from cloudfront",
    "content-length": "405",
    "last-modified": "Wed, 20 Jan 2021 05:26:03 GMT",
    "content-security-policy": "default-src 'none'; style-src 'unsafe-inline'; sandbox",
    "age": "198167",
    "server-timing": "fetchSource;dur=16",
    "accept-ranges": "bytes",
    "server": "deno/gcp-us-west1",
    "referrer-policy": "strict-origin-when-cross-origin",
    "x-amz-version-id": "aiYqddAODlxlnFkzLSc7wD_zf0JlIO1I",
    "cache-control": "public, max-age=31536000, immutable",
    "date": "Wed, 13 Sep 2023 09:56:10 GMT",
    "x-frame-options": "DENY",
    "via": "http/2 edgeproxy-h",
    "x-amz-replication-status": "COMPLETED",
    "x-amz-cf-pop": "SEA73-P3",
    "cross-origin-opener-policy": "same-origin",
    "content-type": "application/typescript; charset=utf-8",
    "access-control-allow-origin": "*",
    "etag": "\"e5ce4111fb107a7ba5b5f7667b7bda6a\"",
    "strict-transport-security": "max-age=63072000; includeSubDomains; preload",
    "vary": "Accept-Encoding, Origin",
    "cross-origin-resource-policy": "same-origin",
    "x-content-type-options": "nosniff"
  },
  "url": "https://deno.land/std@0.84.0/_util/assert.ts",
  "now": {
    "secs_since_epoch": 1694797136,
    "nanos_since_epoch": 844987909
  }
}