{
  "headers": {
    "via": "http/2 edgeproxy-h",
    "server-timing": "fetchSource;dur=8",
    "referrer-policy": "strict-origin-when-cross-origin",
    "last-modified": "Fri, 02 Apr 2021 05:03:20 GMT",
    "x-content-type-options": "nosniff",
    "accept-ranges": "bytes",
    "cross-origin-opener-policy": "same-origin",
    "cross-origin-resource-policy": "same-origin",
    "vary": "Accept-Encoding, Origin",
    "x-amz-cf-pop": "SEA73-P3",
    "content-security-policy": "default-src 'none'; style-src 'unsafe-inline'; sandbox",
    "content-type": "application/typescript; charset=utf-8",
    "server": "deno/gcp-us-west1",
    "access-control-allow-origin": "*",
    "x-frame-options": "DENY",
    "cache-control": "public, max-age=31536000, immutable",
    "x-amz-cf-id": "6fy5WsH5xPeS22L-hfsPv0tw8qb7J5uMhlMggRAjhHe8TPIkLSmZlw==",
    "x-amz-version-id": "aPCIHJ0Y.kD2tu2QZX2CR3fhvBRkArL1",
    "etag": "\"f51756a231555d88825200cd1bb125b8\"",
    "age": "28911890",
    "date": "Sun, 16 Oct 2022 01:54:07 GMT",
    "strict-transport-security": "max-age=63072000; includeSubDomains; preload",
    "x-amz-replication-status": "FAILED",
    "content-length": "3706",
    "x-cache": "Hit from cloudfront",
    "cross-origin-embedder-policy": "same-origin"
  },
  "url": "https://deno.land/std@0.92.0/path/_util.ts",
  "now": {
    "secs_since_epoch": 1694797136,
    "nanos_since_epoch": 46025834
  }
}