{
  "headers": {
    "content-type": "application/typescript; charset=utf-8",
    "x-frame-options": "DENY",
    "referrer-policy": "strict-origin-when-cross-origin",
    "last-modified": "Fri, 02 Apr 2021 05:03:20 GMT",
    "server": "deno/gcp-us-west1",
    "date": "Tue, 11 Oct 2022 21:03:18 GMT",
    "x-amz-cf-id": "5egsfeX7ENte8B0UhOn45l3UxXJrwy2JI8OCswYZCZEaEbHzKWg-8Q==",
    "x-content-type-options": "nosniff",
    "x-amz-cf-pop": "SEA73-P3",
    "cross-origin-embedder-policy": "same-origin",
    "content-length": "1945",
    "etag": "\"750ae0df3aaa0c8fdff773c40588fc59\"",
    "access-control-allow-origin": "*",
    "cache-control": "public, max-age=31536000, immutable",
    "server-timing": "fetchSource;dur=6",
    "strict-transport-security": "max-age=63072000; includeSubDomains; preload",
    "cross-origin-resource-policy": "same-origin",
    "vary": "Accept-Encoding, Origin",
    "via": "http/2 edgeproxy-h",
    "x-amz-version-id": "i7tSEtfqpNU7xPM4gfmSOXFa0MhjK8Gl",
    "x-amz-replication-status": "FAILED",
    "x-cache": "Hit from cloudfront",
    "accept-ranges": "bytes",
    "age": "29274939",
    "cross-origin-opener-policy": "same-origin",
    "content-security-policy": "default-src 'none'; style-src 'unsafe-inline'; sandbox"
  },
  "url": "https://deno.land/std@0.92.0/path/_constants.ts",
  "now": {
    "secs_since_epoch": 1694797136,
    "nanos_since_epoch": 51219551
  }
}