{
  "headers": {
    "referrer-policy": "strict-origin-when-cross-origin",
    "server-timing": "fetchSource;dur=6",
    "content-length": "259",
    "age": "28089919",
    "cross-origin-opener-policy": "same-origin",
    "content-security-policy": "default-src 'none'; style-src 'unsafe-inline'; sandbox",
    "etag": "\"49cabf94e5bf1cea284f1df0cb1380aa\"",
    "server": "deno/gcp-us-west1",
    "via": "http/2 edgeproxy-h",
    "x-amz-cf-id": "Qm-cKodbU5Wk_qjQkurpoXKTiV2S9J9HzJT5AoVPE7R3tZDeIraSPA==",
    "date": "Tue, 25 Oct 2022 14:13:38 GMT",
    "x-amz-cf-pop": "SEA73-P3",
    "x-amz-replication-status": "FAILED",
    "x-amz-version-id": "qpk3d10XoNThUcd0su72NSlFLUnQj5U7",
    "vary": "Accept-Encoding, Origin",
    "cross-origin-resource-policy": "same-origin",
    "access-control-allow-origin": "*",
    "cache-control": "public, max-age=31536000, immutable",
    "content-type": "application/typescript; charset=utf-8",
    "cross-origin-embedder-policy": "same-origin",
    "x-frame-options": "DENY",
    "last-modified": "Wed, 20 Jan 2021 05:26:04 GMT",
    "strict-transport-security": "max-age=63072000; includeSubDomains; preload",
    "x-cache": "Hit from cloudfront",
    "x-content-type-options": "nosniff",
    "accept-ranges": "bytes"
  },
  "url": "https://deno.land/std@0.84.0/path/separator.ts",
  "now": {
    "secs_since_epoch": 1694797136,
    "nanos_since_epoch": 606460931
  }
}