{
  "headers": {
    "etag": "\"ac23b3dced0bec9403ce3c8867303bdb\"",
    "server": "deno/gcp-us-west1",
    "x-amz-version-id": "zaAkHLwM6MVyZRn7c9ZE8OGi50PZSN8q",
    "cross-origin-embedder-policy": "same-origin",
    "cross-origin-resource-policy": "same-origin",
    "server-timing": "fetchSource;dur=8",
    "via": "http/2 edgeproxy-h",
    "accept-ranges": "bytes",
    "content-length": "3379",
    "access-control-allow-origin": "*",
    "age": "198167",
    "last-modified": "Wed, 20 Jan 2021 05:26:04 GMT",
    "cross-origin-opener-policy": "same-origin",
    "cache-control": "public, max-age=31536000, immutable",
    "strict-transport-security": "max-age=63072000; includeSubDomains; preload",
    "content-security-policy": "default-src 'none'; style-src 'unsafe-inline'; sandbox",
    "x-amz-cf-pop": "SEA73-P3",
    "x-amz-replication-status": "COMPLETED",
    "x-cache": "Hit from cloudfront",
    "x-content-type-options": "nosniff",
    "x-frame-options": "DENY",
    "vary": "Accept-Encoding, Origin",
    "referrer-policy": "strict-origin-when-cross-origin",
    "x-amz-cf-id": "3C3aDfg6B0x22RWrzg7ZoiGIxbQWDT5u_oX2I5HRdvELJ0rnl2o5DQ==",
    "date": "Wed, 13 Sep 2023 09:56:10 GMT",
    "content-type": "application/typescript; charset=utf-8"
  },
  "url": "https://deno.land/std@0.84.0/path/_util.ts",
  "now": {
    "secs_since_epoch": 1694797136,
    "nanos_since_epoch": 873181846
  }
}